mean_fit_time,std_fit_time,mean_score_time,std_score_time,param_max_depth,param_n_estimators,param_n_jobs,params,split0_test_score,split1_test_score,split2_test_score,mean_test_score,std_test_score,rank_test_score
0.309995174407959,0.0006100488386344234,0.014123996098836264,0.000360596013370114,8,50,1,"{'max_depth': 8, 'n_estimators': 50, 'n_jobs': 1}",0.9954012014260278,0.9967699383781361,0.9960345927278742,0.9960685775106795,0.0005593010132378869,3
0.6153475443522135,0.001786283656898049,0.025249958038330078,0.00023332324798626451,8,100,1,"{'max_depth': 8, 'n_estimators': 100, 'n_jobs': 1}",0.99540053250983,0.9967975442673601,0.9959615352689773,0.9960532040153892,0.000573999321701634,4
0.44515124956766766,0.0019979881148749577,0.017092386881510418,0.00013503647975211008,12,50,1,"{'max_depth': 12, 'n_estimators': 50, 'n_jobs': 1}",0.9955155194054129,0.9970430550684198,0.9963656003823644,0.996308058285399,0.0006249397945038961,2
0.8894408543904623,0.0011258000647776437,0.0318140983581543,0.0001585314438101843,12,100,1,"{'max_depth': 12, 'n_estimators': 100, 'n_jobs': 1}",0.9955232778417008,0.9970805761209687,0.9963458673664308,0.9963165737763667,0.0006361017049009269,1
