mean_fit_time,std_fit_time,mean_score_time,std_score_time,param_max_depth,param_n_estimators,param_n_jobs,params,split0_test_score,split1_test_score,split2_test_score,mean_test_score,std_test_score,rank_test_score
0.30997467041015625,0.004282648454638107,0.013310988744099935,0.00027393691826628307,8,50,1,"{'max_depth': 8, 'n_estimators': 50, 'n_jobs': 1}",0.9954012014260278,0.9967699383781361,0.9960345927278742,0.9960685775106795,0.0005593010132378869,3
0.6126805941263834,0.0013140469973619323,0.024585167566935223,4.608589951586156e-05,8,100,1,"{'max_depth': 8, 'n_estimators': 100, 'n_jobs': 1}",0.99540053250983,0.9967975442673601,0.9959615352689773,0.9960532040153892,0.000573999321701634,4
0.4429768721262614,0.0018441021041171143,0.016029516855875652,6.906031462962607e-05,12,50,1,"{'max_depth': 12, 'n_estimators': 50, 'n_jobs': 1}",0.9955155194054129,0.9970430550684198,0.9963656003823644,0.996308058285399,0.0006249397945038961,2
0.8908928235371908,0.011756382723615334,0.030872265497843426,0.0004432942115534142,12,100,1,"{'max_depth': 12, 'n_estimators': 100, 'n_jobs': 1}",0.9955232778417008,0.9970805761209687,0.9963458673664308,0.9963165737763667,0.0006361017049009269,1
